metric,model_id,story_id,emotion,is_estimable,missing_cells,SS_persona,SS_temperature,SS_persona_x_temperature,interaction_burden,separability_share,total_SS
score,anthropic/claude-sonnet-4.5,T1,anger,True,0,267.0,1.66,4.98,0.018199,0.981801,273.64
score,anthropic/claude-sonnet-4.5,T1,interest,True,0,2106.75,20.75,62.25,0.028428,0.971572,2189.75
score,anthropic/claude-sonnet-4.5,T1,sadness,True,0,1486.6875,9.1875,9.5625,0.006352,0.993648,1505.4375
score,anthropic/claude-sonnet-4.5,T1,surprise,True,0,3902.4275,8.9475,66.9025,0.016817,0.983183,3978.2775
score,anthropic/claude-sonnet-4.5,T2,anger,True,0,2123.45,17.25,29.85,0.013752,0.986248,2170.55
score,anthropic/claude-sonnet-4.5,T2,interest,True,0,110.0675,0.4275,0.6825,0.006139,0.993861,111.1775
score,anthropic/claude-sonnet-4.5,T2,sadness,True,0,2967.6475,5.7675,26.5025,0.008834,0.991166,2999.9175
score,anthropic/claude-sonnet-4.5,T2,surprise,True,0,660.42,6.34,12.4,0.018258,0.981742,679.16
score,anthropic/claude-sonnet-4.5,T3,anger,True,0,8010.0275,42.0675,57.5025,0.007091,0.992909,8109.5975
score,anthropic/claude-sonnet-4.5,T3,interest,True,0,2642.5475,9.7275,48.0625,0.017799,0.982201,2700.3375
score,anthropic/claude-sonnet-4.5,T3,sadness,True,0,12319.8675,11.4875,57.1625,0.004614,0.995386,12388.5175
score,anthropic/claude-sonnet-4.5,T3,surprise,True,0,4432.18,7.46,59.52,0.013229,0.986771,4499.16
score,deepseek/deepseek-v3.2,T1,anger,True,0,200.75,16.25,24.75,0.102378,0.897622,241.75
score,deepseek/deepseek-v3.2,T1,interest,True,0,3836.1875,18.1875,92.5625,0.023452,0.976548,3946.9375
score,deepseek/deepseek-v3.2,T1,sadness,True,0,782.1875,2.6875,37.5625,0.045672,0.954328,822.4375
score,deepseek/deepseek-v3.2,T1,surprise,True,0,5472.1875,24.1875,191.5625,0.033679,0.966321,5687.9375
score,deepseek/deepseek-v3.2,T2,anger,True,0,668.75,216.75,98.25,0.099873,0.900127,983.75
score,deepseek/deepseek-v3.2,T2,interest,True,0,897.6875,6.6875,83.0625,0.084119,0.915881,987.4375
score,deepseek/deepseek-v3.2,T2,sadness,True,0,646.5,32.5,63.0,0.084906,0.915094,742.0
score,deepseek/deepseek-v3.2,T2,surprise,True,0,591.1875,27.1875,101.0625,0.140474,0.859526,719.4375
score,deepseek/deepseek-v3.2,T3,anger,True,0,1838.75,82.25,362.75,0.15884,0.84116,2283.75
score,deepseek/deepseek-v3.2,T3,interest,True,0,2629.25,22.25,80.25,0.029377,0.970623,2731.75
score,deepseek/deepseek-v3.2,T3,sadness,True,0,9244.6875,13.6875,380.0625,0.039432,0.960568,9638.4375
score,deepseek/deepseek-v3.2,T3,surprise,True,0,4887.5,216.5,218.0,0.040962,0.959038,5322.0
score,google/gemini-2.5-pro,T1,anger,True,0,0.75,0.75,2.25,0.6,0.4,3.75
score,google/gemini-2.5-pro,T1,interest,True,0,2992.1875,96.6875,282.5625,0.083811,0.916189,3371.4375
score,google/gemini-2.5-pro,T1,sadness,True,0,475.6875,4.6875,9.0625,0.018516,0.981484,489.4375
score,google/gemini-2.5-pro,T1,surprise,True,0,4797.5,12.5,164.0,0.032971,0.967029,4974.0
score,google/gemini-2.5-pro,T2,anger,True,0,145.6875,26.1875,44.5625,0.205891,0.794109,216.4375
score,google/gemini-2.5-pro,T2,interest,True,0,1512.1875,70.6875,112.5625,0.066391,0.933609,1695.4375
score,google/gemini-2.5-pro,T2,sadness,True,0,938.75,4.75,44.25,0.044799,0.955201,987.75
score,google/gemini-2.5-pro,T2,surprise,True,0,157.6875,11.1875,30.5625,0.153243,0.846757,199.4375
score,google/gemini-2.5-pro,T3,anger,True,0,20638.1875,4.1875,14.0625,0.000681,0.999319,20656.4375
score,google/gemini-2.5-pro,T3,interest,True,0,8468.1875,42.1875,176.5625,0.020325,0.979675,8686.9375
score,google/gemini-2.5-pro,T3,sadness,True,0,19987.25,15.25,77.25,0.003847,0.996153,20079.75
score,google/gemini-2.5-pro,T3,surprise,True,0,5652.0,57.5,292.5,0.048734,0.951266,6002.0
score,meta-llama/llama-4-maverick,T1,anger,True,0,235.0,77.0,127.0,0.289294,0.710706,439.0
score,meta-llama/llama-4-maverick,T1,interest,True,0,1323.0,3.0,9.0,0.006742,0.993258,1335.0
score,meta-llama/llama-4-maverick,T1,sadness,True,0,914.75,66.75,92.25,0.085914,0.914086,1073.75
score,meta-llama/llama-4-maverick,T1,surprise,True,0,3732.75,0.75,54.25,0.014322,0.985678,3787.75
score,meta-llama/llama-4-maverick,T2,anger,True,0,3254.75,18.75,68.25,0.020423,0.979577,3341.75
score,meta-llama/llama-4-maverick,T2,interest,True,0,49.0,17.0,37.0,0.359223,0.640777,103.0
score,meta-llama/llama-4-maverick,T2,sadness,True,0,1118.75,2.75,8.25,0.007303,0.992697,1129.75
score,meta-llama/llama-4-maverick,T2,surprise,True,0,33.0,17.0,45.0,0.473684,0.526316,95.0
score,meta-llama/llama-4-maverick,T3,anger,True,0,297.0,51.0,195.0,0.359116,0.640884,543.0
score,meta-llama/llama-4-maverick,T3,interest,True,0,363.0,5.0,15.0,0.039164,0.960836,383.0
score,meta-llama/llama-4-maverick,T3,sadness,True,0,666.75,50.75,136.25,0.15959,0.84041,853.75
score,meta-llama/llama-4-maverick,T3,surprise,True,0,1421.0,29.0,21.0,0.014276,0.985724,1471.0
score,openai/gpt-5.4,T1,anger,True,0,36.54,3.26,11.04,0.217152,0.782848,50.84
score,openai/gpt-5.4,T1,interest,True,0,1103.04,5.84,13.2,0.011764,0.988236,1122.08
score,openai/gpt-5.4,T1,sadness,True,0,122.3075,0.9875,1.4425,0.011564,0.988436,124.7375
score,openai/gpt-5.4,T1,surprise,True,0,872.9675,4.8275,8.6025,0.009705,0.990295,886.3975
score,openai/gpt-5.4,T2,anger,True,0,422.7275,20.7675,29.0025,0.061381,0.938619,472.4975
score,openai/gpt-5.4,T2,interest,True,0,368.33,1.17,5.21,0.013904,0.986096,374.71
score,openai/gpt-5.4,T2,sadness,True,0,467.5275,1.6475,7.3425,0.015409,0.984591,476.5175
score,openai/gpt-5.4,T2,surprise,True,0,64.21,0.09,3.21,0.047549,0.952451,67.51
score,openai/gpt-5.4,T3,anger,True,0,239.13,0.75,40.75,0.145209,0.854791,280.63
score,openai/gpt-5.4,T3,interest,True,0,771.4875,5.8275,5.9025,0.007536,0.992464,783.2175
score,openai/gpt-5.4,T3,sadness,True,0,1218.97,10.81,31.97,0.025338,0.974662,1261.75
score,openai/gpt-5.4,T3,surprise,True,0,49.0,10.54,11.22,0.158564,0.841436,70.76
score,x-ai/grok-4.20,T1,anger,True,0,682.6875,0.1875,0.5625,0.000823,0.999177,683.4375
score,x-ai/grok-4.20,T1,interest,True,0,5830.1875,4.6875,8.0625,0.00138,0.99862,5842.9375
score,x-ai/grok-4.20,T1,sadness,True,0,882.75,1.25,3.75,0.004224,0.995776,887.75
score,x-ai/grok-4.20,T1,surprise,True,0,4206.5,41.5,119.0,0.02725,0.97275,4367.0
score,x-ai/grok-4.20,T2,anger,True,0,1339.0,13.5,28.5,0.020637,0.979363,1381.0
score,x-ai/grok-4.20,T2,interest,True,0,2444.1875,15.6875,23.5625,0.009488,0.990512,2483.4375
score,x-ai/grok-4.20,T2,sadness,True,0,794.75,4.75,20.25,0.024703,0.975297,819.75
score,x-ai/grok-4.20,T2,surprise,True,0,1702.1875,9.1875,14.5625,0.008437,0.991563,1725.9375
score,x-ai/grok-4.20,T3,anger,True,0,3684.58,80.78,194.24,0.049055,0.950945,3959.6
score,x-ai/grok-4.20,T3,interest,True,0,6099.57,21.79,66.07,0.010678,0.989322,6187.43
score,x-ai/grok-4.20,T3,sadness,True,0,11576.1875,19.1875,278.5625,0.02346,0.97654,11873.9375
score,x-ai/grok-4.20,T3,surprise,True,0,5159.1075,14.7275,39.6825,0.007611,0.992389,5213.5175
H_norm_sigmoid_s_v1,anthropic/claude-sonnet-4.5,T1,anger,True,0,0.318013,0.012015,0.036045,0.098465,0.901535,0.366073
H_norm_sigmoid_s_v1,anthropic/claude-sonnet-4.5,T1,interest,True,0,0.630551,0.011525,0.034576,0.051099,0.948901,0.676652
H_norm_sigmoid_s_v1,anthropic/claude-sonnet-4.5,T1,sadness,True,0,1.866784,0.000893,0.005381,0.002873,0.997127,1.873058
H_norm_sigmoid_s_v1,anthropic/claude-sonnet-4.5,T1,surprise,True,0,0.650237,0.005204,0.029511,0.043084,0.956916,0.684952
H_norm_sigmoid_s_v1,anthropic/claude-sonnet-4.5,T2,anger,True,0,0.148456,0.006034,0.016338,0.09564,0.90436,0.170828
H_norm_sigmoid_s_v1,anthropic/claude-sonnet-4.5,T2,interest,True,0,0.048549,0.000663,0.000982,0.019574,0.980426,0.050194
H_norm_sigmoid_s_v1,anthropic/claude-sonnet-4.5,T2,sadness,True,0,1.94847,0.012534,0.042133,0.021033,0.978967,2.003137
H_norm_sigmoid_s_v1,anthropic/claude-sonnet-4.5,T2,surprise,True,0,0.367369,0.003512,0.007261,0.019201,0.980799,0.378142
H_norm_sigmoid_s_v1,anthropic/claude-sonnet-4.5,T3,anger,True,0,0.051893,0.038175,0.170826,0.654771,0.345229,0.260894
H_norm_sigmoid_s_v1,anthropic/claude-sonnet-4.5,T3,interest,True,0,0.339975,0.013183,0.036914,0.094634,0.905366,0.390072
H_norm_sigmoid_s_v1,anthropic/claude-sonnet-4.5,T3,sadness,True,0,0.973727,0.017888,0.02433,0.023948,0.976052,1.015945
H_norm_sigmoid_s_v1,anthropic/claude-sonnet-4.5,T3,surprise,True,0,0.354921,0.004875,0.034781,0.088147,0.911853,0.394577
H_norm_sigmoid_s_v1,deepseek/deepseek-v3.2,T1,anger,True,0,0.121669,0.050436,0.117236,0.405184,0.594816,0.289341
H_norm_sigmoid_s_v1,deepseek/deepseek-v3.2,T1,interest,True,0,0.471615,0.005373,0.052043,0.098374,0.901626,0.529031
H_norm_sigmoid_s_v1,deepseek/deepseek-v3.2,T1,sadness,True,0,0.808372,0.054765,0.069958,0.074974,0.925026,0.933095
H_norm_sigmoid_s_v1,deepseek/deepseek-v3.2,T1,surprise,True,0,0.303731,0.026674,0.116318,0.260381,0.739619,0.446723
H_norm_sigmoid_s_v1,deepseek/deepseek-v3.2,T2,anger,True,0,0.51866,0.019342,0.239748,0.308258,0.691742,0.77775
H_norm_sigmoid_s_v1,deepseek/deepseek-v3.2,T2,interest,True,0,0.221143,0.043795,0.071851,0.21334,0.78666,0.336789
H_norm_sigmoid_s_v1,deepseek/deepseek-v3.2,T2,sadness,True,0,0.318362,0.060944,0.056494,0.129634,0.870366,0.4358
H_norm_sigmoid_s_v1,deepseek/deepseek-v3.2,T2,surprise,True,0,0.300387,0.03311,0.054991,0.141551,0.858449,0.388488
H_norm_sigmoid_s_v1,deepseek/deepseek-v3.2,T3,anger,True,0,0.06248,0.056133,0.218355,0.647999,0.352001,0.336968
H_norm_sigmoid_s_v1,deepseek/deepseek-v3.2,T3,interest,True,0,0.497008,0.001945,0.042895,0.079165,0.920835,0.541848
H_norm_sigmoid_s_v1,deepseek/deepseek-v3.2,T3,sadness,True,0,0.161829,0.011627,0.073271,0.296973,0.703027,0.246727
H_norm_sigmoid_s_v1,deepseek/deepseek-v3.2,T3,surprise,True,0,0.10859,0.079415,0.154584,0.451223,0.548777,0.342589
H_norm_sigmoid_s_v1,google/gemini-2.5-pro,T1,anger,True,0,0.000315,0.000315,0.000944,0.6,0.4,0.001574
H_norm_sigmoid_s_v1,google/gemini-2.5-pro,T1,interest,True,0,0.163126,0.044166,0.112251,0.351287,0.648713,0.319543
H_norm_sigmoid_s_v1,google/gemini-2.5-pro,T1,sadness,True,0,0.488963,0.015674,0.040691,0.074618,0.925382,0.545328
H_norm_sigmoid_s_v1,google/gemini-2.5-pro,T1,surprise,True,0,0.616458,0.049037,0.221952,0.250102,0.749898,0.887447
H_norm_sigmoid_s_v1,google/gemini-2.5-pro,T2,anger,True,0,0.062359,0.027586,0.042509,0.320934,0.679066,0.132454
H_norm_sigmoid_s_v1,google/gemini-2.5-pro,T2,interest,True,0,0.448418,0.036669,0.053886,0.099979,0.900021,0.538973
H_norm_sigmoid_s_v1,google/gemini-2.5-pro,T2,sadness,True,0,0.518028,0.068791,0.193801,0.248265,0.751735,0.78062
H_norm_sigmoid_s_v1,google/gemini-2.5-pro,T2,surprise,True,0,0.026178,0.003418,0.011266,0.275713,0.724287,0.040862
H_norm_sigmoid_s_v1,google/gemini-2.5-pro,T3,anger,True,0,0.162183,0.00445,0.01371,0.076022,0.923978,0.180343
H_norm_sigmoid_s_v1,google/gemini-2.5-pro,T3,interest,True,0,0.442134,0.02885,0.179286,0.27571,0.72429,0.65027
H_norm_sigmoid_s_v1,google/gemini-2.5-pro,T3,sadness,True,0,0.468029,0.008379,0.036545,0.071244,0.928756,0.512953
H_norm_sigmoid_s_v1,google/gemini-2.5-pro,T3,surprise,True,0,0.213178,0.03581,0.224718,0.474383,0.525617,0.473706
H_norm_sigmoid_s_v1,meta-llama/llama-4-maverick,T1,anger,True,0,0.207354,0.174886,0.211516,0.356234,0.643766,0.593756
H_norm_sigmoid_s_v1,meta-llama/llama-4-maverick,T1,interest,True,0,0.295012,0.003354,0.010063,0.032627,0.967373,0.308429
H_norm_sigmoid_s_v1,meta-llama/llama-4-maverick,T1,sadness,True,0,1.810335,0.108348,0.15573,0.075072,0.924928,2.074413
H_norm_sigmoid_s_v1,meta-llama/llama-4-maverick,T1,surprise,True,0,1.205584,0.067985,0.053127,0.040045,0.959955,1.326696
H_norm_sigmoid_s_v1,meta-llama/llama-4-maverick,T2,anger,True,0,0.152058,0.039285,0.07257,0.274978,0.725022,0.263913
H_norm_sigmoid_s_v1,meta-llama/llama-4-maverick,T2,interest,True,0,0.035239,0.012226,0.026609,0.359223,0.640777,0.074074
H_norm_sigmoid_s_v1,meta-llama/llama-4-maverick,T2,sadness,True,0,2.225098,0.013427,0.040281,0.017676,0.982324,2.278806
H_norm_sigmoid_s_v1,meta-llama/llama-4-maverick,T2,surprise,True,0,0.026265,0.011535,0.027989,0.425432,0.574568,0.065789
H_norm_sigmoid_s_v1,meta-llama/llama-4-maverick,T3,anger,True,0,0.187311,0.020312,0.084032,0.288122,0.711878,0.291655
H_norm_sigmoid_s_v1,meta-llama/llama-4-maverick,T3,interest,True,0,0.112807,0.001479,0.004438,0.037377,0.962623,0.118724
H_norm_sigmoid_s_v1,meta-llama/llama-4-maverick,T3,sadness,True,0,0.169822,0.015765,0.044346,0.192863,0.807137,0.229933
H_norm_sigmoid_s_v1,meta-llama/llama-4-maverick,T3,surprise,True,0,1.048201,0.000577,0.023784,0.022175,0.977825,1.072562
H_norm_sigmoid_s_v1,openai/gpt-5.4,T1,anger,True,0,0.054131,0.007624,0.030246,0.328759,0.671241,0.092001
H_norm_sigmoid_s_v1,openai/gpt-5.4,T1,interest,True,0,0.262777,0.000353,0.005828,0.021669,0.978331,0.268958
H_norm_sigmoid_s_v1,openai/gpt-5.4,T1,sadness,True,0,0.37099,0.003169,0.005891,0.015501,0.984499,0.38005
H_norm_sigmoid_s_v1,openai/gpt-5.4,T1,surprise,True,0,0.654156,0.010137,0.038952,0.055388,0.944612,0.703245
H_norm_sigmoid_s_v1,openai/gpt-5.4,T2,anger,True,0,1.457068,0.05233,0.056673,0.036188,0.963812,1.566071
H_norm_sigmoid_s_v1,openai/gpt-5.4,T2,interest,True,0,0.309537,0.000428,0.00308,0.009838,0.990162,0.313045
H_norm_sigmoid_s_v1,openai/gpt-5.4,T2,sadness,True,0,2.255787,0.027497,0.060574,0.025844,0.974156,2.343858
H_norm_sigmoid_s_v1,openai/gpt-5.4,T2,surprise,True,0,0.020006,3.2e-05,0.0011,0.052032,0.947968,0.021138
H_norm_sigmoid_s_v1,openai/gpt-5.4,T3,anger,True,0,0.222111,0.060465,0.041357,0.127672,0.872328,0.323933
H_norm_sigmoid_s_v1,openai/gpt-5.4,T3,interest,True,0,0.391179,0.005013,0.004912,0.012246,0.987754,0.401104
H_norm_sigmoid_s_v1,openai/gpt-5.4,T3,sadness,True,0,0.676146,0.00794,0.017369,0.024761,0.975239,0.701455
H_norm_sigmoid_s_v1,openai/gpt-5.4,T3,surprise,True,0,0.004315,0.003808,0.004453,0.354107,0.645893,0.012576
H_norm_sigmoid_s_v1,x-ai/grok-4.20,T1,anger,True,0,1.722915,0.000165,0.000494,0.000287,0.999713,1.723574
H_norm_sigmoid_s_v1,x-ai/grok-4.20,T1,interest,True,0,0.17371,0.007869,0.017061,0.085887,0.914113,0.19864
H_norm_sigmoid_s_v1,x-ai/grok-4.20,T1,sadness,True,0,1.284653,0.012925,0.038774,0.029015,0.970985,1.336352
H_norm_sigmoid_s_v1,x-ai/grok-4.20,T1,surprise,True,0,0.24738,0.018979,0.207502,0.437897,0.562103,0.473861
H_norm_sigmoid_s_v1,x-ai/grok-4.20,T2,anger,True,0,0.37325,0.023192,0.072561,0.154712,0.845288,0.469003
H_norm_sigmoid_s_v1,x-ai/grok-4.20,T2,interest,True,0,0.98477,0.002093,0.00545,0.005492,0.994508,0.992313
H_norm_sigmoid_s_v1,x-ai/grok-4.20,T2,sadness,True,0,1.884721,0.001992,0.035272,0.018352,0.981648,1.921985
H_norm_sigmoid_s_v1,x-ai/grok-4.20,T2,surprise,True,0,0.528739,0.000205,0.026339,0.047433,0.952567,0.555283
H_norm_sigmoid_s_v1,x-ai/grok-4.20,T3,anger,True,0,0.19947,0.016241,0.09768,0.311687,0.688313,0.313391
H_norm_sigmoid_s_v1,x-ai/grok-4.20,T3,interest,True,0,0.061204,0.040656,0.142675,0.583454,0.416546,0.244535
H_norm_sigmoid_s_v1,x-ai/grok-4.20,T3,sadness,True,0,0.196297,0.012376,0.126713,0.377812,0.622188,0.335386
H_norm_sigmoid_s_v1,x-ai/grok-4.20,T3,surprise,True,0,0.633773,0.021811,0.097628,0.129616,0.870384,0.753212
